,830,900,1000,1100,1200,1330,1430
,900,1000,1100,1200,1300,1430,1530
MON,"@Circle Time
!Corbett
meet.google.com/otc-kptm-jcy
!Sariska
meet.google.com/wbu-wpno-zng
!Gir
meet.google.com/ffw-tuse-ddn","Biology
meet.google.com/fuf-jadm-gqu

Computer Science
meet.google.com/imq-dxov-ixw

Economics (B) 
Offline

Entrepreneurship
meet.google.com/qhs-ivmw-mmx

Physical Education
meet.google.com/hex-ckic-eoj

Informatics Practices (A)
meet.google.com/jga-dopz-jup

Psychology (C) 
Offline

Sanskrit
To be shared later","Math (A) - Applied
meet.google.com/apv-gthf-orj

Math (B) - Applied
meet.google.com/apv-gthf-orj

%Self Study","English (C)
meet.google.com/dak-dayi-zup

Chemistry
meet.google.com/irk-xyaa-eao

Business Studies (A)
meet.google.com/ned-zthn-jzy

","Physics
meet.google.com/srn-yous-gqo

Accounts
meet.google.com/wbu-wpno-zng

Psychology (A)
meet.google.com/ffw-tuse-ddn

Sociology
To be shared later

Informatics Practices (B)
meet.google.com/tdg-gbfu-hch","Math (A) - Standard
meet.google.com/fdc-ywcx-exa

Math (A) - Applied 
Offline

Fine Arts
meet.google.com/nrj-qooj-sgs

History
meet.google.com/xxv-ssif-tmb

Economics (A)
meet.google.com/gjj-jfqd-rxh

Business Studies (B)
meet.google.com/sah-kymf-rij

Psychology (B)
meet.google.com/ihd-kroi-mue

Physical Education
meet.google.com/fhp-dpvn-crd

Hindi
meet.google.com/hvn-bvmo-qyf

Spanish
To be shared later
",@AHA Arts
TUE,,"English (C)
meet.google.com/dak-dayi-zup

Chemistry
meet.google.com/irk-xyaa-eao

Business Studies (A)
meet.google.com/hfp-wdms-qkh
","English (A)
meet.google.com/otc-kptm-jcy

English (B)
meet.google.com/eui-dhxz-xfp

Home Science
meet.google.com/ath-ozqr-eot

Political Science
meet.google.com/bqg-scmc-yzh

Math (B) - Standard
meet.google.com/ncb-bizj-pfz

Math (B) - Applied 
Offline ","Physics
meet.google.com/srn-yous-gqo

Accounts
meet.google.com/wbu-wpno-zng

Psychology (A)
meet.google.com/ffw-tuse-ddn

Sociology
To be shared later

Informatics Practices (B) 
Offline","Fine Arts
meet.google.com/hcg-vdkh-wjd

%Self Study","Biology
meet.google.com/fuf-jadm-gqu

Computer Science
meet.google.com/pwc-wobp-sur

Economics (B)
meet.google.com/miu-xkkk-iky

Entrepreneurship
meet.google.com/mjm-qmxd-zec

Physical Education
meet.google.com/hex-ckic-eoj

Informatics Practices (A)
meet.google.com/jga-dopz-jup

Psychology (C)
meet.google.com/iyw-inrv-dai

Sanskrit
To be shared later","Math (A) - Applied
meet.google.com/apv-gthf-orj

Math (B) - Applied
meet.google.com/apv-gthf-orj"
WED,"@Circle Time
!Corbett
meet.google.com/otc-kptm-jcy
!Sariska
meet.google.com/wbu-wpno-zng
!Gir
meet.google.com/ffw-tuse-ddn","English (A)
meet.google.com/otc-kptm-jcy

English (B)
meet.google.com/eui-dhxz-xfp

Home Science
meet.google.com/yco-xfai-fch

Political Science
meet.google.com/bqg-scmc-yzh

Math (B) - Standard
meet.google.com/ncb-bizj-pfz

Math (B) - Applied 
Offline","Biology
meet.google.com/fuf-jadm-gqu

Computer Science 
Offline

Economics (B)
meet.google.com/vup-medf-erc

Entrepreneurship
meet.google.com/hos-sfix-jhh

Physical Education
meet.google.com/hex-ckic-eoj

Informatics Practices (A) 
Offline

Psychology (C)
meet.google.com/iyw-inrv-dai

Sanskrit
To be shared later","Geography
meet.google.com/iki-vfai-foz

@Physical Education
zoom.us/j/96967989027?pwd=NG11eGdSVlBXb0ducnBDb1U0SVFzZz09
Meeting ID: 969 6798 9027
Passcode: 01020304

","Math (A) - Standard
meet.google.com/fdc-ywcx-exa

Math (A) - Applied 
Offline

Fine Arts
meet.google.com/qap-cetf-nbu

History
meet.google.com/fnz-povu-gwa

Economics (A)
meet.google.com/fwr-iktm-dgf

Business Studies (B)
meet.google.com/woe-ihkc-ngt

Psychology (B)
meet.google.com/ihd-kroi-mue

Physical Education
meet.google.com/fhp-dpvn-crd

Hindi
meet.google.com/hvn-bvmo-qyf

Spanish
To be shared later
","Physics
meet.google.com/srn-yous-gqo

Accounts
meet.google.com/wbu-wpno-zng

Psychology (A)
meet.google.com/ffw-tuse-ddn

Sociology
To be shared later

Informatics Practices (B)
meet.google.com/tdg-gbfu-hch","Math (A) - Applied
meet.google.com/apv-gthf-orj

Math (B) - Applied
meet.google.com/apv-gthf-orj"
THU,,"Math (A) - Standard
meet.google.com/fdc-ywcx-exa

Math (A) - Applied 
Offline

History
meet.google.com/ybb-ggjt-qwd

Economics (A)
meet.google.com/mzf-kgpk-rwx

Business Studies (B)
meet.google.com/jag-zupa-dkv

Psychology (B)
meet.google.com/ihd-kroi-mue

Physical Education
meet.google.com/fhp-dpvn-crd

Hindi
meet.google.com/hvn-bvmo-qyf

Spanish
To be shared later
","English (A)
meet.google.com/otc-kptm-jcy

English (B)
meet.google.com/eui-dhxz-xfp

Home Science
meet.google.com/jnc-huzt-nit

Political Science
meet.google.com/bqg-scmc-yzh

Math (B) - Standard
meet.google.com/ncb-bizj-pfz

Math (B) - Applied 
Offline ","@Well Being
meet.google.com/jns-oxum-ata","English (C)
meet.google.com/dak-dayi-zup

Chemistry
meet.google.com/irk-xyaa-eao

Business Studies (A)
meet.google.com/ita-hmea-vzn","Physics
meet.google.com/srn-yous-gqo

Accounts
meet.google.com/wbu-wpno-zng

Psychology (A)
meet.google.com/ffw-tuse-ddn

Sociology
To be shared later

Informatics Practices (B)
meet.google.com/tdg-gbfu-hch","Geography
meet.google.com/iki-vfai-foz "
FRI,,"Math (A) - Standard
meet.google.com/fdc-ywcx-exa

Math (A) - Applied 
Offline

Fine Arts
meet.google.com/jzg-fdoz-zof

History
meet.google.com/ohe-uxkq-cxp

Economics (A) 
Offline

Business Studies (B)
To be shared later

Psychology (B) 
Offline

Physical Education
To be shared later

Spanish
To be shared later

Hindi
To be shared later
","English (A)
meet.google.com/otc-kptm-jcy

English (B)
meet.google.com/eui-dhxz-xfp

Home Science
meet.google.com/pyv-pirf-hea

Political Science
meet.google.com/bqg-scmc-yzh

Math (B) - Standard
meet.google.com/ncb-bizj-pfz

Math (B) - Applied 
Offline ","English (C)
meet.google.com/dak-dayi-zup

Chemistry
meet.google.com/irk-xyaa-eao

Business Studies (A)
meet.google.com/zfd-mxwk-sti","Biology
meet.google.com/fuf-jadm-gqu

Computer Science
meet.google.com/fxv-mmee-twu

Economics (B)
meet.google.com/vdn-iine-vqe

Entrepreneurship
meet.google.com/ysz-myms-ojo

Physical Education
meet.google.com/hex-ckic-eoj

Informatics Practices (A)
meet.google.com/jga-dopz-jup

Psychology (C)
meet.google.com/iyw-inrv-dai

Sanskrit
To be shared later

","@Homeroom
!Corbett
meet.google.com/otc-kptm-jcy
!Sariska
meet.google.com/wbu-wpno-zng
!Gir
meet.google.com/ffw-tuse-ddn","Geography
meet.google.com/iki-vfai-foz "